Title,Company,Location,Description
Job Opportunity: Sr. Art Director -Ahmedabad (Print media Agency),shaikh rahela,"Ahmedabad, India",Job Opportunity: Sr. Art Director
Art Director,AQOMI,Anywhere,Are you an Art Director?
Art Director,White Space,Saudi Arabia,We are seeking an experienced and visionary Freelance Art Director
Art Director,Antal International,"Hyderabad, India",Hiring for a Art Director - Consumer Electronics Organization
3D Environment Artist,GlobalStep,Anywhere,Hiring 3D Environment Artist with experience Unreal Engine (Remote)
Art Director,Stuvio Digital,"Navi Mumbai, India",We are looking for an Art Director!
UI/UX Designer for Mobile App,Quality Geek,Anywhere,We are looking for a UI/UX Designer for Mobile App. Project-based.
Motion Graphic Designer,Bubba's LA,"Los Angeles, CA, USA",We are looking for a full-time motion graphics designer
Art Director,Atlanta Magazine Custom Media,"North Atlanta, GA, USA",Seeking mid-level Art Director for our custom media division.
Lead Asset Designer,"Maxon Computer, Inc.","CA, USA",We're looking for an Art Director for our library of ArchViz & Motion Graphics Assets
Senior Visualizer/Art Director,Beep experience management pvt ltd,"Bangalore, India",Senior Visualizer/Art Director â€“ Event Management Agency
Graphic Designer,NYC Campaign Finance Board,"NY, USA",Creative ideas and collaborating with internal Design and Content
2D Concept Artist,Fetch Technology Vietnam,"Ho Chi Minh City, Vietnam",2D Concept Artist - $1400 Net
SENIOR ART DIRECTOR,T&A Ogilvy,"Ho Chi Minh City, Vietnam",{T&A OGILVY} SENIOR ART DIRECTOR (HCMC BASED)
Art Director,Human Global,Anywhere,talented Art and Video Editor with 3-4 years of experience
